{   "Changes": [  	  
	  
	{
		"Action": "EditData",
		"Target": "Characters/Schedules/Keahi",
		"Entries": { 
			"Tue": "0 Custom_Ridgeside_RidgesideVillage 120 53/610 Town 17 17 1/930 Custom_SchoolHouse 23 17 3/950 Custom_SchoolHouse 22 16 keahi_read/1130 Town 19 14 keahi_dance/1250 Custom_SchoolHouse 23 17 3/1300 Custom_SchoolHouse 22 16 keahi_read/1550 Custom_Ridgeside_RidgesideVillage 98 38 2/1800 Custom_Ridgeside_PikaHouse 7 10 3/2200 Custom_Ridgeside_PikaHouse 26 5 keahi_sleep"	},},  	
	    ]}