{   "Changes": [  	  
	  
{ "Action": "EditData",	 
	"Target": "characters/schedules/Penny",
	 "Entries": {     
		 "Tue": "620 Trailer 6 5 0/700 Town 10 13 2/940 Custom_SchoolHouse 15 7 2/1020 Custom_SchoolHouse 8 10 2/1040 Custom_SchoolHouse 15 7 2/1140 Town 12 13 1/1310 Custom_SchoolHouse 15 7 2/1420 Custom_SchoolHouse 19 10 0/1500 Custom_SchoolHouse 15 7 2/1550 Town 17 90 3 penny_wave_left/1750 Forest 92 20 3 penny_wave_left/1830 Trailer 4 9 1 penny_sleep",
		 "marriageJob": "700 Town 10 13 2/930 Custom_SchoolHouse 15 7 2 \"Strings\\schedules\\Penny:marriageJob.000\"/1130 Town 12 13 1/1300 Custom_SchoolHouse 15 7 2 \"Strings\\schedules\\Penny:marriageJob.000\"/1550 Town 17 90 3 penny_wave_left/1750 Forest 92 20 3 penny_wave_left/1830 BusStop -1 23 3",
	 },}, 

{ "Action": "EditData",	 
	"Target": "characters/schedules/Penny",
	"When": {"dayofweek":"Tuesday, Wednesday, Friday", "weather": "rain"},
	 "Entries": {     
		 "rain": "620 Trailer 6 5 0/700 Town 10 13 2/940 Custom_SchoolHouse 15 7 2/1020 Custom_SchoolHouse 8 10 2/1040 Custom_SchoolHouse 15 7 2/1140 Custom_SchoolHouse 18 4 2/1310 Custom_SchoolHouse 15 7 2/1420 Custom_SchoolHouse 19 10 0/1500 Custom_SchoolHouse 15 7 2/1550 Town 17 90 3 penny_wave_left/1750 Forest 92 20 3 penny_wave_left/1830 Trailer 4 9 1 penny_sleep",
		 "rain2": "620 Trailer 6 5 0/700 Town 10 13 2/940 Custom_SchoolHouse 15 7 2/1020 Custom_SchoolHouse 8 10 2/1040 Custom_SchoolHouse 15 7 2/1140 Custom_SchoolHouse 18 4 2/1310 Custom_SchoolHouse 15 7 2/1420 Custom_SchoolHouse 19 10 0/1500 Custom_SchoolHouse 15 7 2/1550 Town 17 90 3 penny_wave_left/1750 Forest 92 20 3 penny_wave_left/1830 Trailer 4 9 1 penny_sleep",
		  },}, 

  ]}