{   "Changes": [  	  
	  
{ "Action": "EditData",	 
	"Target": "characters/schedules/Vincent",
	 "Entries": {     
		 "Tue": "750 Town 6 13 1/940 Custom_SchoolHouse 8 11 vincent_read_right/1130 Town 16 11 square_3_3_2/1250 Custom_SchoolHouse 8 11 vincent_read_right/1550 Town 15 90 1/1740 SamHouse 4 8 0/2000 SamHouse 8 22 vincent_sleep",     
		 "winter_16": "800 Town 6 13 1/940 Custom_SchoolHouse 8 11 vincent_read_right/1130 Town 16 11 square_3_3/1250 Custom_SchoolHouse 8 11 vincent_read_right/1550 Town 15 90 1/1740 SamHouse 4 8 0/2000 SamHouse 8 22 vincent_sleep",     
	 } }, 

{ "Action": "EditData",	 
	"Target": "characters/schedules/Vincent",
	"When": {"dayofweek":"Tuesday, Wednesday, Friday", "weather": "rain"},
	 "Entries": {     
		 "rain": "750 Town 6 13 1/940 Custom_SchoolHouse 8 11 vincent_read_right/1130 Custom_SchoolHouse 3 15 square_2_3_2/1250 Custom_SchoolHouse 8 11 vincent_read_right/1550 Town 15 90 1/1740 SamHouse 4 8 0/2000 SamHouse 8 22 vincent_sleep",     
		    	 }, },
  ]}