{    "Changes": [  
	
  	{   "Action": "EditMap",
    "Target": "Maps/Custom_SchoolHouse",
    "MapProperties": {"AmbientLight" : "75 75 75"},},
	
//AFT
{   "Action": "EditMap",
     "Target": "Maps/Town",
     "FromFile": "assets/Town/AFT/TownRundownSchoolHouse.tmx",
	"PatchMode": "Replace",
     "ToArea": { "X": 0, "Y": 0, "Width": 27, "Height": 22 },},	

{   "Action": "EditMap",
     "Target": "Maps/Town-Halloween",
	 "When": {  "DayEvent": "spirit's eve", "HasFile:{{FromFile}}": true ,"Appears at Festivals": "on"},
     "FromFile": "assets/Town/AFT/TownRundownSchoolHouseSPIRITS.tmx",
	"PatchMode": "Replace",
     "ToArea": { "X": 0, "Y": 0, "Width": 27, "Height": 22 },},

{   "Action": "EditMap",
     "Target": "Maps/Town-Fair",
     "FromFile": "assets/Town/AFT/TownRundownSchoolHouseFAIR.tmx",
	"When": {"DayEvent": "stardew valley fair", "HasFile:{{FromFile}}": true ,"Appears at Festivals": "on"},
	"PatchMode": "Replace",
     "ToArea": { "X": 0, "Y": 0, "Width": 27, "Height": 22 },}, 

{   "Action": "EditMap",
     "Target": "Maps/Town-EggFestival",
     "FromFile": "assets/Town/AFT/TownRundownSchoolHouseEGGS.tmx",
	"When": {"DayEvent": "egg festival", "HasFile:{{FromFile}}": true ,"Appears at Festivals": "on"},
	"PatchMode": "Replace",
     "ToArea": { "X": 0, "Y": 0, "Width": 27, "Height": 22 },}, 

{   "Action": "EditMap",
     "Target": "Maps/Town-Christmas",
     "FromFile": "assets/Town/AFT/TownRundownSchoolHouseSTAR.tmx",
	"When": {"DayEvent": "feast of the winter star",  "HasFile:{{FromFile}}": true , "Appears at Festivals": "on",},
	"PatchMode": "Replace",
     "ToArea": { "X": 0, "Y": 0, "Width": 27, "Height": 22 },}, 

//playground
{   "Action": "EditMap",
     "Target": "Maps/Town",
	"When": {"HasFile:{{FromFile}}": true },
     "FromFile": "assets/Town/AFT/{{Playground Expansion}}.tmx",
	"PatchMode": "Overlay",
     "ToArea": { "X": 0, "Y": 0, "Width": 27, "Height": 22 },}, 
  ]}