{    "Changes": [  
 
//Stardew Valley Reimagined 3
{   "Action": "EditMap",
     "Target": "Maps/Town",
	 "When": { "HasFile:{{FromFile}}": true},
     "FromFile": "assets/Town/Reimagined 3/TownSchoolHouse.tmx",
	"PatchMode": "Replace",
     "ToArea": { "X": 0, "Y": 0, "Width": 27, "Height": 22 },},	 
 
{   "Action": "EditMap",
     "Target": "Maps/Town-Halloween",
     "FromFile": "assets/Town/Reimagined 3/TownSchoolHouseSPIRITS.tmx",
	 "When": {  "DayEvent": "spirit's eve", "HasFile:{{FromFile}}": true, "Appears at Festivals": "on", },
	"PatchMode": "Replace",
     "ToArea": { "X": 0, "Y": 0, "Width": 27, "Height": 22 },}, 

{   "Action": "EditMap",
     "Target": "Maps/Town-Fair",
     "FromFile": "assets/Town/Reimagined 3/TownSchoolHouseFAIR.tmx",
	"When": {"DayEvent": "stardew valley fair", "HasFile:{{FromFile}}": true, "Appears at Festivals": "on",},
	"PatchMode": "Replace",
     "ToArea": { "X": 0, "Y": 0, "Width": 27, "Height": 22 },}, 

{   "Action": "EditMap",
     "Target": "Maps/Town-EggFestival",
     "FromFile": "assets/Town/Reimagined 3/TownSchoolHouseEGGS.tmx",
	"When": {"DayEvent": "egg festival", "HasFile:{{FromFile}}": true, "Appears at Festivals": "on",},
	"PatchMode": "Replace",
     "ToArea": { "X": 0, "Y": 0, "Width": 27, "Height": 22 },}, 

{   "Action": "EditMap",
     "Target": "Maps/Town-EggFestival",
     "FromFile": "assets/Town/Reimagined 3/TownSchoolHouseSTAR.tmx",
	"When": {"DayEvent": "feast of the winter star",  "HasFile:{{FromFile}}": true, "Appears at Festivals": "on", },
	"PatchMode": "Replace",
     "ToArea": { "X": 0, "Y": 0, "Width": 27, "Height": 22 },}, 

//playground
{   "Action": "EditMap",
     "Target": "Maps/Town",
	"When": {"HasFile:{{FromFile}}": true },
     "FromFile": "assets/Town/Reimagined 3/{{Playground Expansion}}.tmx",
	"PatchMode": "Overlay",
     "ToArea": { "X": 0, "Y": 0, "Width": 27, "Height": 22 },}, 
  ]}