{    "Changes": [  
 //SVE
{   "Action": "EditMap",
     "Target": "Maps/Town",
	"When": { "HasFile:{{FromFile}}": true },
     "FromFile": "assets/Town/SVE/TownSchoolHouse.tmx",
	"PatchMode": "Replace",
     "ToArea": { "X": 0, "Y": 0, "Width": 27, "Height": 22 },},	 
 
{   "Action": "EditMap",
     "Target": "Maps/Town-Halloween",
     "FromFile": "assets/Town/SVE/TownSchoolHouseSPIRITS.tmx",
	"When": { "IsOddYear": "false", "DayEvent": "spirit's eve",  "HasFile:{{FromFile}}": true , "Appears at Festivals": "on",},
	"PatchMode": "Replace",
     "ToArea": { "X": 0, "Y": 0, "Width": 27, "Height": 22 },}, 
 
{   "Action": "EditMap",
     "Target": "Maps/Town-Halloween",
     "FromFile": "assets/Town/SVE/TownSchoolHouseSPIRITSSVEodd.tmx",
	"When": { "IsOddYear":"true", "DayEvent": "spirit's eve",  "HasFile:{{FromFile}}": true, "Appears at Festivals": "on", },
	"PatchMode": "Replace",
     "ToArea": { "X": 0, "Y": 0, "Width": 27, "Height": 22 },}, 

{   "Action": "EditMap",
     "Target": "Maps/Town-Fair",
     "FromFile": "assets/Town/SVE/TownSchoolHouseFAIR.tmx",
	"When": {"DayEvent": "stardew valley fair",  "HasFile:{{FromFile}}": true , "Appears at Festivals": "on",},
	"PatchMode": "Replace",
     "ToArea": { "X": 0, "Y": 0, "Width": 27, "Height": 22 },}, 

{   "Action": "EditMap",
     "Target": "Maps/Town-EggFestival",
     "FromFile": "assets/Town/SVE/TownSchoolHouseEGGS.tmx",
	"When": {"DayEvent": "egg festival",  "HasFile:{{FromFile}}": true , "Appears at Festivals": "on",},
	"PatchMode": "Replace",
     "ToArea": { "X": 0, "Y": 0, "Width": 27, "Height": 22 },}, 

{   "Action": "EditMap",
     "Target": "Maps/Town-EggFestival",
     "FromFile": "assets/Town/SVE/TownSchoolHouseSTAR.tmx",
	"When": {"DayEvent": "feast of the winter star",  "HasFile:{{FromFile}}": true , "Appears at Festivals": "on",},
	"PatchMode": "Replace",
     "ToArea": { "X": 0, "Y": 0, "Width": 27, "Height": 22 },}, 

//playground
{   "Action": "EditMap",
     "Target": "Maps/Town",
	"When": {"HasFile:{{FromFile}}": true },
     "FromFile": "assets/Town/SVE/{{Playground Expansion}}.tmx",
	"PatchMode": "Overlay",
     "ToArea": { "X": 0, "Y": 0, "Width": 27, "Height": 22 },}, 
  ]}