{    "Changes": [  
	
  	{   "Action": "EditMap",
    "Target": "Maps/Custom_SchoolHouse",
    "MapProperties": {"AmbientLight" : "75 75 75"},},
	
//SVE

{   "Action": "EditMap",
     "Target": "Maps/Town",
     "FromFile": "assets/Town/SVE/TownRundownSchoolHouse.tmx",
	"PatchMode": "Replace",
     "ToArea": { "X": 0, "Y": 0, "Width": 27, "Height": 22 },},	 
 
{   "Action": "EditMap",
     "Target": "Maps/Town-Halloween",
     "FromFile": "assets/Town/SVE/TownRundownSchoolHouseSPIRITS.tmx",
	"When": { "IsOddYear": "false", "DayEvent": "spirit's eve",  "HasFile:{{FromFile}}": true, "Appears at Festivals": "on", },
	"PatchMode": "Replace",
     "ToArea": { "X": 0, "Y": 0, "Width": 27, "Height": 22 },}, 
 
{   "Action": "EditMap",
     "Target": "Maps/Town-Halloween",
     "FromFile": "assets/Town/SVE/TownRundownSchoolHouseSPIRITSSVEodd.tmx",
	"When": { "IsOddYear":"true", "DayEvent": "spirit's eve",  "HasFile:{{FromFile}}": true , "Appears at Festivals": "on",},
	"PatchMode": "Replace",
     "ToArea": { "X": 0, "Y": 0, "Width": 27, "Height": 22 },}, 

{   "Action": "EditMap",
     "Target": "Maps/Town-Fair",
     "FromFile": "assets/Town/SVE/TownRundownSchoolHouseFAIR.tmx",
	"When": {"DayEvent": "stardew valley fair",  "HasFile:{{FromFile}}": true, "Appears at Festivals": "on", },
	"PatchMode": "Replace",
     "ToArea": { "X": 0, "Y": 0, "Width": 27, "Height": 22 },}, 

{   "Action": "EditMap",
     "Target": "Maps/Town-EggFestival",
     "FromFile": "assets/Town/SVE/TownRundownSchoolHouseEGGS.tmx",
	"When": {"DayEvent": "egg festival",  "HasFile:{{FromFile}}": true, "Appears at Festivals": "on", },
	"PatchMode": "Replace",
     "ToArea": { "X": 0, "Y": 0, "Width": 27, "Height": 22 },}, 

{   "Action": "EditMap",
     "Target": "Maps/Town-EggFestival",
     "FromFile": "assets/Town/SVE/TownRundownSchoolHouseSTAR.tmx",
	"When": {"DayEvent": "feast of the winter star",  "HasFile:{{FromFile}}": true, "Appears at Festivals": "on", },
	"PatchMode": "Replace",
     "ToArea": { "X": 0, "Y": 0, "Width": 27, "Height": 22 },}, 

//playground
{   "Action": "EditMap",
     "Target": "Maps/Town",
	"When": {"HasFile:{{FromFile}}": true },
     "FromFile": "assets/Town/SVE/{{Playground Expansion}}.tmx",
	"PatchMode": "Overlay",
     "ToArea": { "X": 0, "Y": 0, "Width": 27, "Height": 22 },}, 
  ]}